[
  {
    "name": "Zabkása banánnal",
    "category": "breakfast",
    "calories": 320,
    "protein_g": 12,
    "carbs_g": 58,
    "fat_g": 6,
    "servings": 1,
    "ready_in_minutes": 10,
    "image_url": "https://images.unsplash.com/photo-1517673132405-a56a62b18caf?w=800",
    "source_url": "https://www.google.com/search?q=Zabk%C3%A1sa%20ban%C3%A1nnal%20recept",
    "ingredients": "50g zabpehely, 250ml tej, 1 banán, 1 ek méz",
    "instructions": "Tejet felforraljuk, zabpelyhet főzzük 5-7 percig, banánnal és mézzel tálaljuk"
  },
  {
    "name": "Tojásrántotta zöldségekkel",
    "category": "breakfast",
    "calories": 280,
    "protein_g": 18,
    "carbs_g": 8,
    "fat_g": 20,
    "servings": 1,
    "ready_in_minutes": 15,
    "image_url": "https://images.unsplash.com/photo-1525351484163-7529414344d8?w=800",
    "source_url": "https://www.google.com/search?q=Toj%C3%A1sr%C3%A1ntotta%20z%C3%B6lds%C3%A9gekkel%20recept",
    "ingredients": "3 tojás, 1/2 paprika, 1/2 hagyma, 50g spenót",
    "instructions": "Hagymát paprikát pirítjuk, spenótot hozzáadjuk, tojást ráöntjük és sütjük"
  },
  {
    "name": "Görög joghurt gyümölcsökkel",
    "category": "breakfast",
    "calories": 250,
    "protein_g": 15,
    "carbs_g": 35,
    "fat_g": 7,
    "servings": 1,
    "ready_in_minutes": 5,
    "image_url": "https://images.unsplash.com/photo-1488477181946-6428a0291777?w=800",
    "source_url": "https://www.google.com/search?q=G%C3%B6r%C3%B6g%20joghurt%20gy%C3%BCm%C3%B6lcs%C3%B6kkel%20recept",
    "ingredients": "200g görög joghurt, 1 alma, 50g áfonya, 30g granola, méz",
    "instructions": "Joghurtot tálba öntjük, almát felkockázzuk, áfonyával és granolával megszórjuk"
  },
  {
    "name": "Protein palacsinta",
    "category": "breakfast",
    "calories": 380,
    "protein_g": 32,
    "carbs_g": 42,
    "fat_g": 10,
    "servings": 2,
    "ready_in_minutes": 20,
    "image_url": "https://images.unsplash.com/photo-1567620905732-2d1ec7ab7445?w=800",
    "source_url": "https://www.google.com/search?q=Protein%20palacsinta%20recept",
    "ingredients": "2 tojás, 30g protein por, 50g zabpehely, 100ml tej",
    "instructions": "Összeturmixoljuk, 5 perc pihentetés, kisütjük"
  },
  {
    "name": "Avokádós pirítós tojással",
    "category": "breakfast",
    "calories": 420,
    "protein_g": 18,
    "carbs_g": 32,
    "fat_g": 25,
    "servings": 1,
    "ready_in_minutes": 10,
    "image_url": "https://images.unsplash.com/photo-1525351484163-7529414344d8?w=800",
    "source_url": "https://www.google.com/search?q=Avok%C3%A1d%C3%B3s%20pir%C3%ADt%C3%B3s%20toj%C3%A1ssal%20recept",
    "ingredients": "1 avokádó, 2 szelet kenyér, 2 tojás, limé",
    "instructions": "Kenyeret pirítjuk, avokádót pépesítjük, tükörtojást sütünk rá"
  },
  {
    "name": "Túrós palacsinta",
    "category": "breakfast",
    "calories": 340,
    "protein_g": 22,
    "carbs_g": 38,
    "fat_g": 12,
    "servings": 2,
    "ready_in_minutes": 25,
    "image_url": "https://images.unsplash.com/photo-1519676867240-f03562e64548?w=800",
    "source_url": "https://www.google.com/search?q=T%C3%BAr%C3%B3s%20palacsinta%20recept",
    "ingredients": "200g túró, 2 tojás, 50g liszt, 100ml tej",
    "instructions": "Palacsinta tésztát készítünk, túrót tojással keverjük, megtöltjük"
  },
  {
    "name": "Quinoa reggeli tál",
    "category": "breakfast",
    "calories": 360,
    "protein_g": 14,
    "carbs_g": 52,
    "fat_g": 11,
    "servings": 1,
    "ready_in_minutes": 20,
    "image_url": "https://images.unsplash.com/photo-1511690743698-d9d85f2fbf38?w=800",
    "source_url": "https://www.google.com/search?q=Quinoa%20reggeli%20t%C3%A1l%20recept",
    "ingredients": "60g quinoa, 200ml víz, 1 alma, 20g dió, méz",
    "instructions": "Quinoat megfőzzük, almával mixeljük, dióval és mézzel tálaljuk"
  },
  {
    "name": "Smoothie bowl",
    "category": "breakfast",
    "calories": 290,
    "protein_g": 10,
    "carbs_g": 48,
    "fat_g": 8,
    "servings": 1,
    "ready_in_minutes": 10,
    "image_url": "https://images.unsplash.com/photo-1590301157890-4810ed352733?w=800",
    "source_url": "https://www.google.com/search?q=Smoothie%20bowl%20recept",
    "ingredients": "1 banán (fagyasztott), 100g bogyós gyümölcs, mandulatej, granola",
    "instructions": "Banánt és gyümölcsöket turmixoljuk, granolával megszórjuk"
  },
  {
    "name": "Omlett spenóttal és fetával",
    "category": "breakfast",
    "calories": 310,
    "protein_g": 24,
    "carbs_g": 6,
    "fat_g": 22,
    "servings": 1,
    "ready_in_minutes": 12,
    "image_url": "https://images.unsplash.com/photo-1608039829572-78524f79c4c7?w=800",
    "source_url": "https://www.google.com/search?q=Omlett%20spen%C3%B3ttal%20%C3%A9s%20fet%C3%A1val%20recept",
    "ingredients": "3 tojás, 50g spenót, 40g feta, vaj",
    "instructions": "Tojást felverjük, vajban kisütjük, spenótot és fetát szórunk bele"
  },
  {
    "name": "Chia puding málnával",
    "category": "breakfast",
    "calories": 240,
    "protein_g": 8,
    "carbs_g": 32,
    "fat_g": 10,
    "servings": 1,
    "ready_in_minutes": 480,
    "image_url": "https://images.unsplash.com/photo-1623428187969-5da2dcea5ebf?w=800",
    "source_url": "https://www.google.com/search?q=Chia%20puding%20m%C3%A1ln%C3%A1val%20recept",
    "ingredients": "3 ek chia mag, 250ml mandulatej, 100g málna, méz",
    "instructions": "Chia magot tejjel keverjük, hűtőbe tesszük éjszakára, málnával tálaljuk"
  },
  {
    "name": "Toast tojással és avokádóval",
    "category": "breakfast",
    "calories": 390,
    "protein_g": 20,
    "carbs_g": 34,
    "fat_g": 21,
    "servings": 1,
    "ready_in_minutes": 10,
    "image_url": "https://images.unsplash.com/photo-1482049016688-2d3e1b311543?w=800",
    "source_url": "https://www.google.com/search?q=Toast%20toj%C3%A1ssal%20%C3%A9s%20avok%C3%A1d%C3%B3val%20recept",
    "ingredients": "2 szelet teljes kiőrlésű kenyér, 1/2 avokádó, 2 tojás",
    "instructions": "Kenyeret pirítjuk, avokádót pépesítjük, tükörtojást sütünk"
  },
  {
    "name": "Banános palacsinta",
    "category": "breakfast",
    "calories": 350,
    "protein_g": 14,
    "carbs_g": 54,
    "fat_g": 10,
    "servings": 2,
    "ready_in_minutes": 15,
    "image_url": "https://images.unsplash.com/photo-1528207776546-365bb710ee93?w=800",
    "source_url": "https://www.google.com/search?q=Ban%C3%A1nos%20palacsinta%20recept",
    "ingredients": "2 banán, 2 tojás, 50g zabpehely, fahéj",
    "instructions": "Banánt, tojást, zabpelyhet turmixoljunk, kisütjük"
  },
  {
    "name": "Cottage cheese toast bogyós gyümölccsel",
    "category": "breakfast",
    "calories": 280,
    "protein_g": 18,
    "carbs_g": 38,
    "fat_g": 7,
    "servings": 1,
    "ready_in_minutes": 5,
    "image_url": "https://images.unsplash.com/photo-1509042239860-f550ce710b93?w=800",
    "source_url": "https://www.google.com/search?q=Cottage%20cheese%20toast%20bogy%C3%B3s%20gy%C3%BCm%C3%B6lccsel%20recept",
    "ingredients": "2 szelet kenyér, 100g cottage cheese, bogyós gyümölcsök",
    "instructions": "Kenyeret pirítjuk, cottage cheese-zel megkenjük, gyümölccsel díszítjük"
  },
  {
    "name": "Protein muffin",
    "category": "breakfast",
    "calories": 200,
    "protein_g": 16,
    "carbs_g": 22,
    "fat_g": 6,
    "servings": 6,
    "ready_in_minutes": 25,
    "image_url": "https://images.unsplash.com/photo-1607958996333-41aef7caefaa?w=800",
    "source_url": "https://www.google.com/search?q=Protein%20muffin%20recept",
    "ingredients": "100g zabpehely, 30g protein por, 2 tojás, 1 banán",
    "instructions": "Mindent összekeverünk, muffin formákba öntjük, 180°C-on 20 perc"
  },
  {
    "name": "Pirított müzli joghurttal",
    "category": "breakfast",
    "calories": 320,
    "protein_g": 12,
    "carbs_g": 46,
    "fat_g": 11,
    "servings": 1,
    "ready_in_minutes": 5,
    "image_url": "https://images.unsplash.com/photo-1590846406792-0adc7f938f1d?w=800",
    "source_url": "https://www.google.com/search?q=Pir%C3%ADtott%20m%C3%BCzli%20joghurttal%20recept",
    "ingredients": "60g müzli, 200g joghurt, 1 banán, dió",
    "instructions": "Joghurtot tálba öntjük, müzlivel és gyümölccsel díszítjük"
  },
  {
    "name": "Tojásos muffin zöldségekkel",
    "category": "breakfast",
    "calories": 180,
    "protein_g": 14,
    "carbs_g": 8,
    "fat_g": 11,
    "servings": 6,
    "ready_in_minutes": 25,
    "image_url": "https://images.unsplash.com/photo-1608039829572-78524f79c4c7?w=800",
    "source_url": "https://www.google.com/search?q=Toj%C3%A1sos%20muffin%20z%C3%B6lds%C3%A9gekkel%20recept",
    "ingredients": "6 tojás, 100g spenót, 50g sajt, paprika",
    "instructions": "Tojást felverjük, zöldségekkel muffin formákba öntjük, sütjük"
  },
  {
    "name": "Édesburgonya toast hummusszal",
    "category": "breakfast",
    "calories": 260,
    "protein_g": 10,
    "carbs_g": 42,
    "fat_g": 8,
    "servings": 1,
    "ready_in_minutes": 15,
    "image_url": "https://images.unsplash.com/photo-1546069901-ba9599a7e63c?w=800",
    "source_url": "https://www.google.com/search?q=%C3%89desburgonya%20toast%20hummusszal%20recept",
    "ingredients": "1 édesburgonya, 3 ek hummus, avokádó",
    "instructions": "Édesburgonyát szeleteljük és pirítjuk, hummusszal megkenjük"
  },
  {
    "name": "Sajtos omlett paradicsommal",
    "category": "breakfast",
    "calories": 300,
    "protein_g": 22,
    "carbs_g": 8,
    "fat_g": 20,
    "servings": 1,
    "ready_in_minutes": 10,
    "image_url": "https://images.unsplash.com/photo-1525351484163-7529414344d8?w=800",
    "source_url": "https://www.google.com/search?q=Sajtos%20omlett%20paradicsommal%20recept",
    "ingredients": "3 tojás, 50g sajt, 1 paradicsom, vaj",
    "instructions": "Tojást felverjük, vajban kisütjük, sajtot szórunk bele"
  },
  {
    "name": "Áfonyás zabkása",
    "category": "breakfast",
    "calories": 310,
    "protein_g": 11,
    "carbs_g": 52,
    "fat_g": 7,
    "servings": 1,
    "ready_in_minutes": 10,
    "image_url": "https://images.unsplash.com/photo-1517673132405-a56a62b18caf?w=800",
    "source_url": "https://www.google.com/search?q=%C3%81fony%C3%A1s%20zabk%C3%A1sa%20recept",
    "ingredients": "50g zabpehely, 250ml tej, 80g áfonya, méz",
    "instructions": "Zabpelyhet megfőzzük, áfonyát hozzáadjuk, mézzel ízesítjük"
  },
  {
    "name": "Mandulavajas toast banánnal",
    "category": "breakfast",
    "calories": 380,
    "protein_g": 14,
    "carbs_g": 48,
    "fat_g": 16,
    "servings": 1,
    "ready_in_minutes": 5,
    "image_url": "https://images.unsplash.com/photo-1525351484163-7529414344d8?w=800",
    "source_url": "https://www.google.com/search?q=Mandulavajas%20toast%20ban%C3%A1nnal%20recept",
    "ingredients": "2 szelet kenyér, 2 ek mandulavaj, 1 banán",
    "instructions": "Kenyeret pirítjuk, mandulavajjal megkenjük, banánt szeletelünk rá"
  },
  {
    "name": "Túrós-gyümölcsös tál",
    "category": "breakfast",
    "calories": 270,
    "protein_g": 20,
    "carbs_g": 35,
    "fat_g": 6,
    "servings": 1,
    "ready_in_minutes": 5,
    "image_url": "https://images.unsplash.com/photo-1488477181946-6428a0291777?w=800",
    "source_url": "https://www.google.com/search?q=T%C3%BAr%C3%B3s-gy%C3%BCm%C3%B6lcs%C3%B6s%20t%C3%A1l%20recept",
    "ingredients": "150g túró, 1 alma, áfonya, méz",
    "instructions": "Túrót tálba tesszük, gyümölccsel díszítjük"
  },
  {
    "name": "Protein palacsinta csokoládéval",
    "category": "breakfast",
    "calories": 360,
    "protein_g": 28,
    "carbs_g": 40,
    "fat_g": 10,
    "servings": 2,
    "ready_in_minutes": 15,
    "image_url": "https://images.unsplash.com/photo-1567620905732-2d1ec7ab7445?w=800",
    "source_url": "https://www.google.com/search?q=Protein%20palacsinta%20csokol%C3%A1d%C3%A9val%20recept",
    "ingredients": "2 tojás, 30g csoki protein por, zabpehely",
    "instructions": "Mindent turmixolunk, palacsintát sütünk"
  },
  {
    "name": "Zöldséges tojáslepény",
    "category": "breakfast",
    "calories": 280,
    "protein_g": 18,
    "carbs_g": 12,
    "fat_g": 18,
    "servings": 4,
    "ready_in_minutes": 30,
    "image_url": "https://images.unsplash.com/photo-1608039829572-78524f79c4c7?w=800",
    "source_url": "https://www.google.com/search?q=Z%C3%B6lds%C3%A9ges%20toj%C3%A1slep%C3%A9ny%20recept",
    "ingredients": "6 tojás, cukkini, paprika, sajt",
    "instructions": "Zöldségeket felkockázzuk, tojással összekeverjük, sütjük"
  },
  {
    "name": "Kókuszos zabkása mangóval",
    "category": "breakfast",
    "calories": 340,
    "protein_g": 10,
    "carbs_g": 56,
    "fat_g": 10,
    "servings": 1,
    "ready_in_minutes": 12,
    "image_url": "https://images.unsplash.com/photo-1517673132405-a56a62b18caf?w=800",
    "source_url": "https://www.google.com/search?q=K%C3%B3kuszos%20zabk%C3%A1sa%20mang%C3%B3val%20recept",
    "ingredients": "50g zabpehely, 200ml kókusztej, mangó",
    "instructions": "Zabpelyhet kókusztejjel főzzük, mangóval tálaljuk"
  },
  {
    "name": "Reggeli burrito",
    "category": "breakfast",
    "calories": 400,
    "protein_g": 22,
    "carbs_g": 42,
    "fat_g": 16,
    "servings": 2,
    "ready_in_minutes": 20,
    "image_url": "https://images.unsplash.com/photo-1626700051175-6818013e1d4f?w=800",
    "source_url": "https://www.google.com/search?q=Reggeli%20burrito%20recept",
    "ingredients": "2 tortilla, 4 tojás, bab, sajt, salsa",
    "instructions": "Tojást rántottát készítünk, tortillába töltjük babbal és sajttal"
  },
  {
    "name": "Grillezett csirkemell salátával",
    "category": "lunch",
    "calories": 380,
    "protein_g": 42,
    "carbs_g": 18,
    "fat_g": 16,
    "servings": 1,
    "ready_in_minutes": 25,
    "image_url": "https://images.unsplash.com/photo-1546069901-ba9599a7e63c?w=800",
    "source_url": "https://www.google.com/search?q=Grillezett%20csirkemell%20sal%C3%A1t%C3%A1val%20recept",
    "ingredients": "200g csirkemell, vegyes saláta, paradicsom",
    "instructions": "Csirkemellet grillezzük, salátával tálaljuk"
  },
  {
    "name": "Lazac brokkoli pürével",
    "category": "lunch",
    "calories": 450,
    "protein_g": 38,
    "carbs_g": 22,
    "fat_g": 24,
    "servings": 1,
    "ready_in_minutes": 30,
    "image_url": "https://images.unsplash.com/photo-1485921325833-c519f76c4927?w=800",
    "source_url": "https://www.google.com/search?q=Lazac%20brokkoli%20p%C3%BCr%C3%A9vel%20recept",
    "ingredients": "180g lazac, 200g brokkoli, fokhagyma, tejföl",
    "instructions": "Lazacot sütjük, brokkolit pürésítjük"
  },
  {
    "name": "Quinoa saláta csicseriborsóval",
    "category": "lunch",
    "calories": 420,
    "protein_g": 18,
    "carbs_g": 58,
    "fat_g": 14,
    "servings": 2,
    "ready_in_minutes": 25,
    "image_url": "https://images.unsplash.com/photo-1505253716362-afaea1d3d1af?w=800",
    "source_url": "https://www.google.com/search?q=Quinoa%20sal%C3%A1ta%20csicseribors%C3%B3val%20recept",
    "ingredients": "100g quinoa, csicseriborsó, paprika, rukkola",
    "instructions": "Quinoat főzzük, zöldségekkel összekeverjük"
  },
  {
    "name": "Sült csirkecomb édesburgonyával",
    "category": "lunch",
    "calories": 520,
    "protein_g": 36,
    "carbs_g": 42,
    "fat_g": 22,
    "servings": 2,
    "ready_in_minutes": 45,
    "image_url": "https://images.unsplash.com/photo-1598103442097-8b74394b95c6?w=800",
    "source_url": "https://www.google.com/search?q=S%C3%BClt%20csirkecomb%20%C3%A9desburgony%C3%A1val%20recept",
    "ingredients": "2 csirkecomb, édesburgonya, rozmaring",
    "instructions": "Tepsibe rakjuk, 200°C-on 40 percig sütjük"
  },
  {
    "name": "Tészta bolognai mártással",
    "category": "lunch",
    "calories": 580,
    "protein_g": 32,
    "carbs_g": 68,
    "fat_g": 18,
    "servings": 4,
    "ready_in_minutes": 40,
    "image_url": "https://images.unsplash.com/photo-1621996346565-e3dbc646d9a9?w=800",
    "source_url": "https://www.google.com/search?q=T%C3%A9szta%20bolognai%20m%C3%A1rt%C3%A1ssal%20recept",
    "ingredients": "darált hús, paradicsom, hagyma, tészta",
    "instructions": "Húst pirítjuk, paradicsomot hozzáadjuk, tésztával tálaljuk"
  },
  {
    "name": "Tonhalas saláta",
    "category": "lunch",
    "calories": 320,
    "protein_g": 28,
    "carbs_g": 24,
    "fat_g": 14,
    "servings": 1,
    "ready_in_minutes": 15,
    "image_url": "https://images.unsplash.com/photo-1540189549336-e6e99c3679fe?w=800",
    "source_url": "https://www.google.com/search?q=Tonhalas%20sal%C3%A1ta%20recept",
    "ingredients": "tonhal, saláta, tojás, paradicsom",
    "instructions": "Mindent feldarabolunk és összekeverjük"
  },
  {
    "name": "Sült hal zöldségekkel",
    "category": "lunch",
    "calories": 380,
    "protein_g": 36,
    "carbs_g": 18,
    "fat_g": 18,
    "servings": 1,
    "ready_in_minutes": 30,
    "image_url": "https://images.unsplash.com/photo-1519708227418-c8fd9a32b7a2?w=800",
    "source_url": "https://www.google.com/search?q=S%C3%BClt%20hal%20z%C3%B6lds%C3%A9gekkel%20recept",
    "ingredients": "fehér hal, cukkini, padlizsán, olívaolaj",
    "instructions": "Halat és zöldségeket sütjük"
  },
  {
    "name": "Csirkemell currys rizssel",
    "category": "lunch",
    "calories": 480,
    "protein_g": 38,
    "carbs_g": 54,
    "fat_g": 12,
    "servings": 2,
    "ready_in_minutes": 35,
    "image_url": "https://images.unsplash.com/photo-1585937421612-70a008356fbe?w=800",
    "source_url": "https://www.google.com/search?q=Csirkemell%20currys%20rizssel%20recept",
    "ingredients": "csirkemell, rizs, kókusztej, curry, spenót",
    "instructions": "Csirkét pirítjuk, currys szószt készítünk, rizzsel tálaljuk"
  },
  {
    "name": "Zöldséges wok csirkével",
    "category": "lunch",
    "calories": 420,
    "protein_g": 34,
    "carbs_g": 38,
    "fat_g": 16,
    "servings": 2,
    "ready_in_minutes": 20,
    "image_url": "https://images.unsplash.com/photo-1512058564366-18510be2db19?w=800",
    "source_url": "https://www.google.com/search?q=Z%C3%B6lds%C3%A9ges%20wok%20csirk%C3%A9vel%20recept",
    "ingredients": "csirkemell, paprika, brokkoli, szójaszósz, tészta",
    "instructions": "Wokban gyorsan pirítjuk"
  },
  {
    "name": "Mediterrán csirkemell",
    "category": "lunch",
    "calories": 440,
    "protein_g": 42,
    "carbs_g": 22,
    "fat_g": 20,
    "servings": 2,
    "ready_in_minutes": 30,
    "image_url": "https://images.unsplash.com/photo-1598103442097-8b74394b95c6?w=800",
    "source_url": "https://www.google.com/search?q=Mediterr%C3%A1n%20csirkemell%20recept",
    "ingredients": "csirkemell, padlizsán, paradicsom, feta, olívaolaj",
    "instructions": "Sütőben sütjük zöldségekkel"
  },
  {
    "name": "Lencsefőzelék",
    "category": "lunch",
    "calories": 380,
    "protein_g": 22,
    "carbs_g": 58,
    "fat_g": 8,
    "servings": 4,
    "ready_in_minutes": 40,
    "image_url": "https://images.unsplash.com/photo-1547592166-23ac45744acd?w=800",
    "source_url": "https://www.google.com/search?q=Lencsef%C5%91zel%C3%A9k%20recept",
    "ingredients": "lencse, hagyma, fokhagyma, sárgarépa",
    "instructions": "Lencsét főzzük zöldségekkel"
  },
  {
    "name": "Csirkemell sajttal és brokkolival",
    "category": "lunch",
    "calories": 460,
    "protein_g": 48,
    "carbs_g": 12,
    "fat_g": 24,
    "servings": 2,
    "ready_in_minutes": 30,
    "image_url": "https://images.unsplash.com/photo-1598103442097-8b74394b95c6?w=800",
    "source_url": "https://www.google.com/search?q=Csirkemell%20sajttal%20%C3%A9s%20brokkolival%20recept",
    "ingredients": "csirkemell, brokkoli, sajt, tejföl",
    "instructions": "Csirkét tepsibe rakjuk, sajtot rászórunk, sütjük"
  },
  {
    "name": "Rakott krumpli light",
    "category": "lunch",
    "calories": 420,
    "protein_g": 28,
    "carbs_g": 48,
    "fat_g": 14,
    "servings": 4,
    "ready_in_minutes": 60,
    "image_url": "https://images.unsplash.com/photo-1530648672449-81f6c723e2f1?w=800",
    "source_url": "https://www.google.com/search?q=Rakott%20krumpli%20light%20recept",
    "ingredients": "burgonya, tojás, csirkemell, tejföl light",
    "instructions": "Rétegesen rakjuk, sütjük"
  },
  {
    "name": "Sült tészta zöldségekkel",
    "category": "lunch",
    "calories": 480,
    "protein_g": 18,
    "carbs_g": 64,
    "fat_g": 18,
    "servings": 4,
    "ready_in_minutes": 35,
    "image_url": "https://images.unsplash.com/photo-1621996346565-e3dbc646d9a9?w=800",
    "source_url": "https://www.google.com/search?q=S%C3%BClt%20t%C3%A9szta%20z%C3%B6lds%C3%A9gekkel%20recept",
    "ingredients": "tészta, cukkini, padlizsán, paradicsom szósz, mozzarella",
    "instructions": "Tésztát zöldségekkel összesütjük"
  },
  {
    "name": "Csirkemell ananásszal",
    "category": "lunch",
    "calories": 400,
    "protein_g": 38,
    "carbs_g": 32,
    "fat_g": 14,
    "servings": 2,
    "ready_in_minutes": 25,
    "image_url": "https://images.unsplash.com/photo-1598103442097-8b74394b95c6?w=800",
    "source_url": "https://www.google.com/search?q=Csirkemell%20anan%C3%A1sszal%20recept",
    "ingredients": "csirkemell, ananász, paprika, szójaszósz, rizs",
    "instructions": "Wokban pirítjuk, rizzsel tálaljuk"
  },
  {
    "name": "Görög saláta csirkével",
    "category": "lunch",
    "calories": 420,
    "protein_g": 36,
    "carbs_g": 18,
    "fat_g": 24,
    "servings": 2,
    "ready_in_minutes": 20,
    "image_url": "https://images.unsplash.com/photo-1540189549336-e6e99c3679fe?w=800",
    "source_url": "https://www.google.com/search?q=G%C3%B6r%C3%B6g%20sal%C3%A1ta%20csirk%C3%A9vel%20recept",
    "ingredients": "csirkemell, uborka, paradicsom, feta, olajbogyó",
    "instructions": "Csirkét grillezzük, salátával tálaljuk"
  },
  {
    "name": "Rántott csirkemell sült zöldséggel",
    "category": "lunch",
    "calories": 520,
    "protein_g": 42,
    "carbs_g": 38,
    "fat_g": 22,
    "servings": 2,
    "ready_in_minutes": 35,
    "image_url": "https://images.unsplash.com/photo-1598103442097-8b74394b95c6?w=800",
    "source_url": "https://www.google.com/search?q=R%C3%A1ntott%20csirkemell%20s%C3%BClt%20z%C3%B6lds%C3%A9ggel%20recept",
    "ingredients": "csirkemell, tojás, zsemlemorzsa, cukkini, paprika",
    "instructions": "Csirkét rántjuk, zöldségeket sütjük"
  },
  {
    "name": "Pad thai csirkével",
    "category": "lunch",
    "calories": 480,
    "protein_g": 32,
    "carbs_g": 58,
    "fat_g": 14,
    "servings": 2,
    "ready_in_minutes": 25,
    "image_url": "https://images.unsplash.com/photo-1559314809-0d155014e29e?w=800",
    "source_url": "https://www.google.com/search?q=Pad%20thai%20csirk%C3%A9vel%20recept",
    "ingredients": "csirkemell, rizstészta, tojás, csíra, szójaszósz",
    "instructions": "Tésztát főzzük, csirkével pirítjuk"
  },
  {
    "name": "Sült hal citromos quinoával",
    "category": "lunch",
    "calories": 440,
    "protein_g": 38,
    "carbs_g": 42,
    "fat_g": 14,
    "servings": 2,
    "ready_in_minutes": 30,
    "image_url": "https://images.unsplash.com/photo-1519708227418-c8fd9a32b7a2?w=800",
    "source_url": "https://www.google.com/search?q=S%C3%BClt%20hal%20citromos%20quino%C3%A1val%20recept",
    "ingredients": "fehér hal, quinoa, citrom, olívaolaj",
    "instructions": "Halat sütjük, citromos quinoával tálaljuk"
  },
  {
    "name": "Mexikói csirke tál",
    "category": "lunch",
    "calories": 500,
    "protein_g": 36,
    "carbs_g": 52,
    "fat_g": 18,
    "servings": 2,
    "ready_in_minutes": 30,
    "image_url": "https://images.unsplash.com/photo-1512058564366-18510be2db19?w=800",
    "source_url": "https://www.google.com/search?q=Mexik%C3%B3i%20csirke%20t%C3%A1l%20recept",
    "ingredients": "csirkemell, rizs, bab, paprika, salsa, tejföl",
    "instructions": "Csirkét pirítjuk, rizzsel és babbal tálaljuk"
  },
  {
    "name": "Pulykamell gombával",
    "category": "lunch",
    "calories": 380,
    "protein_g": 44,
    "carbs_g": 18,
    "fat_g": 16,
    "servings": 2,
    "ready_in_minutes": 25,
    "image_url": "https://images.unsplash.com/photo-1598103442097-8b74394b95c6?w=800",
    "source_url": "https://www.google.com/search?q=Pulykamell%20gomb%C3%A1val%20recept",
    "ingredients": "pulykamell, gomba, hagyma, tejszín",
    "instructions": "Pulykát pirítjuk, gombás szószt készítünk"
  },
  {
    "name": "Brokkolileves csirkével",
    "category": "lunch",
    "calories": 280,
    "protein_g": 24,
    "carbs_g": 22,
    "fat_g": 12,
    "servings": 4,
    "ready_in_minutes": 30,
    "image_url": "https://images.unsplash.com/photo-1547592166-23ac45744acd?w=800",
    "source_url": "https://www.google.com/search?q=Brokkolileves%20csirk%C3%A9vel%20recept",
    "ingredients": "brokkoli, csirkemell, hagyma, csirkealaplé, tejszín",
    "instructions": "Brokkolit főzzük, pürésítjük csirkével"
  },
  {
    "name": "Tojásos-sonkás wrap",
    "category": "lunch",
    "calories": 420,
    "protein_g": 28,
    "carbs_g": 38,
    "fat_g": 18,
    "servings": 2,
    "ready_in_minutes": 15,
    "image_url": "https://images.unsplash.com/photo-1626700051175-6818013e1d4f?w=800",
    "source_url": "https://www.google.com/search?q=Toj%C3%A1sos-sonk%C3%A1s%20wrap%20recept",
    "ingredients": "tortilla, tojás, sonka, sajt, saláta",
    "instructions": "Tojást rántottát készítünk, tortillába tekerjük"
  },
  {
    "name": "Csicseriborsós curry",
    "category": "lunch",
    "calories": 400,
    "protein_g": 16,
    "carbs_g": 62,
    "fat_g": 12,
    "servings": 4,
    "ready_in_minutes": 30,
    "image_url": "https://images.unsplash.com/photo-1585937421612-70a008356fbe?w=800",
    "source_url": "https://www.google.com/search?q=Csicseribors%C3%B3s%20curry%20recept",
    "ingredients": "csicseriborsó, kókusztej, hagyma, curry, spenót, rizs",
    "instructions": "Hagymát pirítjuk, csicseriborsót főzzük curryben"
  },
  {
    "name": "Csirkemelles saláta cézár öntettel",
    "category": "dinner",
    "calories": 380,
    "protein_g": 36,
    "carbs_g": 18,
    "fat_g": 20,
    "servings": 2,
    "ready_in_minutes": 20,
    "image_url": "https://images.unsplash.com/photo-1546069901-ba9599a7e63c?w=800",
    "source_url": "https://www.google.com/search?q=Csirkemelles%20sal%C3%A1ta%20c%C3%A9z%C3%A1r%20%C3%B6ntettel%20recept",
    "ingredients": "csirkemell, római saláta, parmezán, cézár öntet",
    "instructions": "Csirkemellet grillezzük, salátával tálaljuk"
  },
  {
    "name": "Sült lazac spárgával",
    "category": "dinner",
    "calories": 420,
    "protein_g": 38,
    "carbs_g": 12,
    "fat_g": 26,
    "servings": 2,
    "ready_in_minutes": 25,
    "image_url": "https://images.unsplash.com/photo-1485921325833-c519f76c4927?w=800",
    "source_url": "https://www.google.com/search?q=S%C3%BClt%20lazac%20sp%C3%A1rg%C3%A1val%20recept",
    "ingredients": "lazac, spárga, olívaolaj, limé",
    "instructions": "Lazacot és spárgát sütjük"
  },
  {
    "name": "Zöldséges omlett",
    "category": "dinner",
    "calories": 280,
    "protein_g": 20,
    "carbs_g": 12,
    "fat_g": 18,
    "servings": 1,
    "ready_in_minutes": 15,
    "image_url": "https://images.unsplash.com/photo-1608039829572-78524f79c4c7?w=800",
    "source_url": "https://www.google.com/search?q=Z%C3%B6lds%C3%A9ges%20omlett%20recept",
    "ingredients": "tojás, zöldségkeverék, sajt, vaj",
    "instructions": "Zöldségeket pirítjuk, tojást ráöntjük"
  },
  {
    "name": "Spenótos-sajtos csirkemell",
    "category": "dinner",
    "calories": 420,
    "protein_g": 46,
    "carbs_g": 8,
    "fat_g": 22,
    "servings": 2,
    "ready_in_minutes": 30,
    "image_url": "https://images.unsplash.com/photo-1598103442097-8b74394b95c6?w=800",
    "source_url": "https://www.google.com/search?q=Spen%C3%B3tos-sajtos%20csirkemell%20recept",
    "ingredients": "csirkemell, spenót, feta, fokhagyma",
    "instructions": "Csirkét megtöltjük spenóttal és fetával, sütjük"
  },
  {
    "name": "Cukkini spagetti garnélarákkal",
    "category": "dinner",
    "calories": 320,
    "protein_g": 28,
    "carbs_g": 18,
    "fat_g": 16,
    "servings": 2,
    "ready_in_minutes": 20,
    "image_url": "https://images.unsplash.com/photo-1621996346565-e3dbc646d9a9?w=800",
    "source_url": "https://www.google.com/search?q=Cukkini%20spagetti%20garn%C3%A9lar%C3%A1kkal%20recept",
    "ingredients": "cukkini, garnélarák, fokhagyma, chili, limé",
    "instructions": "Cukkinit spirálozzuk, garnélával pirítjuk"
  },
  {
    "name": "Gombás-sajtos töltött csirkemell",
    "category": "dinner",
    "calories": 460,
    "protein_g": 48,
    "carbs_g": 12,
    "fat_g": 24,
    "servings": 2,
    "ready_in_minutes": 35,
    "image_url": "https://images.unsplash.com/photo-1598103442097-8b74394b95c6?w=800",
    "source_url": "https://www.google.com/search?q=Gomb%C3%A1s-sajtos%20t%C3%B6lt%C3%B6tt%20csirkemell%20recept",
    "ingredients": "csirkemell, gomba, sajt, tejföl",
    "instructions": "Gombát pirítjuk, csirkét megtöltjük, sütjük"
  },
  {
    "name": "Tonhalas-tojásos saláta",
    "category": "dinner",
    "calories": 340,
    "protein_g": 32,
    "carbs_g": 16,
    "fat_g": 18,
    "servings": 2,
    "ready_in_minutes": 15,
    "image_url": "https://images.unsplash.com/photo-1540189549336-e6e99c3679fe?w=800",
    "source_url": "https://www.google.com/search?q=Tonhalas-toj%C3%A1sos%20sal%C3%A1ta%20recept",
    "ingredients": "tonhal, tojás, saláta, uborka",
    "instructions": "Tojást főzzük, salátával keverjük"
  },
  {
    "name": "Mediterrán hal papillote-ban",
    "category": "dinner",
    "calories": 380,
    "protein_g": 36,
    "carbs_g": 14,
    "fat_g": 20,
    "servings": 2,
    "ready_in_minutes": 30,
    "image_url": "https://images.unsplash.com/photo-1519708227418-c8fd9a32b7a2?w=800",
    "source_url": "https://www.google.com/search?q=Mediterr%C3%A1n%20hal%20papillote-ban%20recept",
    "ingredients": "fehér hal, cukkini, paradicsom, olajbogyó, olívaolaj",
    "instructions": "Halat és zöldségeket papírba csomagoljuk, sütjük"
  },
  {
    "name": "Brokkolis-sajtos csirkemell",
    "category": "dinner",
    "calories": 440,
    "protein_g": 46,
    "carbs_g": 14,
    "fat_g": 22,
    "servings": 2,
    "ready_in_minutes": 30,
    "image_url": "https://images.unsplash.com/photo-1598103442097-8b74394b95c6?w=800",
    "source_url": "https://www.google.com/search?q=Brokkolis-sajtos%20csirkemell%20recept",
    "ingredients": "csirkemell, brokkoli, sajt, tejföl",
    "instructions": "Csirkét brokkolival tepsibe rakjuk, sajttal sütjük"
  },
  {
    "name": "Avokádós garnélarák saláta",
    "category": "dinner",
    "calories": 360,
    "protein_g": 26,
    "carbs_g": 18,
    "fat_g": 22,
    "servings": 2,
    "ready_in_minutes": 15,
    "image_url": "https://images.unsplash.com/photo-1540189549336-e6e99c3679fe?w=800",
    "source_url": "https://www.google.com/search?q=Avok%C3%A1d%C3%B3s%20garn%C3%A9lar%C3%A1k%20sal%C3%A1ta%20recept",
    "ingredients": "garnélarák, avokádó, saláta, paradicsom, limé",
    "instructions": "Garnélát pirítjuk, salátával tálaljuk"
  },
  {
    "name": "Csirkemell wrap zöldségekkel",
    "category": "dinner",
    "calories": 420,
    "protein_g": 34,
    "carbs_g": 42,
    "fat_g": 14,
    "servings": 2,
    "ready_in_minutes": 20,
    "image_url": "https://images.unsplash.com/photo-1626700051175-6818013e1d4f?w=800",
    "source_url": "https://www.google.com/search?q=Csirkemell%20wrap%20z%C3%B6lds%C3%A9gekkel%20recept",
    "ingredients": "csirkemell, tortilla, saláta, paradicsom, salsa",
    "instructions": "Csirkét grillezzük, tortillába tekerjük"
  },
  {
    "name": "Sült tőkehal citromos vajjal",
    "category": "dinner",
    "calories": 380,
    "protein_g": 40,
    "carbs_g": 8,
    "fat_g": 20,
    "servings": 2,
    "ready_in_minutes": 25,
    "image_url": "https://images.unsplash.com/photo-1519708227418-c8fd9a32b7a2?w=800",
    "source_url": "https://www.google.com/search?q=S%C3%BClt%20t%C5%91kehal%20citromos%20vajjal%20recept",
    "ingredients": "tőkehal, vaj, citrom, petrezselyem",
    "instructions": "Halat sütjük, citromos vajat készítünk"
  },
  {
    "name": "Zöldséges pörkölt csirkével",
    "category": "dinner",
    "calories": 380,
    "protein_g": 32,
    "carbs_g": 28,
    "fat_g": 16,
    "servings": 4,
    "ready_in_minutes": 40,
    "image_url": "https://images.unsplash.com/photo-1598103442097-8b74394b95c6?w=800",
    "source_url": "https://www.google.com/search?q=Z%C3%B6lds%C3%A9ges%20p%C3%B6rk%C3%B6lt%20csirk%C3%A9vel%20recept",
    "ingredients": "csirkemell, hagyma, paprika, paradicsom, pirospaprika",
    "instructions": "Hagymát pirítjuk, csirkét és zöldségeket főzzük"
  },
  {
    "name": "Görög moussaka light",
    "category": "dinner",
    "calories": 420,
    "protein_g": 28,
    "carbs_g": 32,
    "fat_g": 20,
    "servings": 6,
    "ready_in_minutes": 60,
    "image_url": "https://images.unsplash.com/photo-1601000938365-f182caa6d3d2?w=800",
    "source_url": "https://www.google.com/search?q=G%C3%B6r%C3%B6g%20moussaka%20light%20recept",
    "ingredients": "padlizsán, darált hús, hagyma, paradicsom, tejföl",
    "instructions": "Rétegesen rakjuk, sütjük"
  },
  {
    "name": "Csirkemelles Caesar wrap",
    "category": "dinner",
    "calories": 440,
    "protein_g": 36,
    "carbs_g": 38,
    "fat_g": 18,
    "servings": 2,
    "ready_in_minutes": 15,
    "image_url": "https://images.unsplash.com/photo-1626700051175-6818013e1d4f?w=800",
    "source_url": "https://www.google.com/search?q=Csirkemelles%20Caesar%20wrap%20recept",
    "ingredients": "csirkemell, tortilla, római saláta, parmezán, Caesar öntet",
    "instructions": "Csirkét grillezzük, tortillába tekerjük"
  },
  {
    "name": "Sült pulykamell rozmaringgal",
    "category": "dinner",
    "calories": 360,
    "protein_g": 44,
    "carbs_g": 8,
    "fat_g": 16,
    "servings": 2,
    "ready_in_minutes": 30,
    "image_url": "https://images.unsplash.com/photo-1598103442097-8b74394b95c6?w=800",
    "source_url": "https://www.google.com/search?q=S%C3%BClt%20pulykamell%20rozmaringgal%20recept",
    "ingredients": "pulykamell, rozmaring, olívaolaj, limé",
    "instructions": "Pulykát fűszerezzük és sütjük"
  },
  {
    "name": "Cukkinis-fetás pite",
    "category": "dinner",
    "calories": 380,
    "protein_g": 18,
    "carbs_g": 32,
    "fat_g": 22,
    "servings": 6,
    "ready_in_minutes": 45,
    "image_url": "https://images.unsplash.com/photo-1588137378633-dea1336ce1e2?w=800",
    "source_url": "https://www.google.com/search?q=Cukkinis-fet%C3%A1s%20pite%20recept",
    "ingredients": "cukkini, feta, tojás, leveles tészta, menta",
    "instructions": "Cukkinit reszeljük, tojással keverjük, sütjük"
  },
  {
    "name": "Sült csirkecombok zöldségekkel",
    "category": "dinner",
    "calories": 480,
    "protein_g": 34,
    "carbs_g": 24,
    "fat_g": 28,
    "servings": 2,
    "ready_in_minutes": 50,
    "image_url": "https://images.unsplash.com/photo-1598103442097-8b74394b95c6?w=800",
    "source_url": "https://www.google.com/search?q=S%C3%BClt%20csirkecombok%20z%C3%B6lds%C3%A9gekkel%20recept",
    "ingredients": "csirkecomb, sárgarépa, burgonya, hagyma, rozmaring",
    "instructions": "Mindent tepsibe rakunk, sütjük"
  },
  {
    "name": "Tonhalas quinoa saláta",
    "category": "dinner",
    "calories": 380,
    "protein_g": 28,
    "carbs_g": 42,
    "fat_g": 12,
    "servings": 2,
    "ready_in_minutes": 25,
    "image_url": "https://images.unsplash.com/photo-1540189549336-e6e99c3679fe?w=800",
    "source_url": "https://www.google.com/search?q=Tonhalas%20quinoa%20sal%C3%A1ta%20recept",
    "ingredients": "tonhal, quinoa, uborka, paradicsom, limé",
    "instructions": "Quinoat főzzük, tonhallal keverjük"
  },
  {
    "name": "Sült hal mediterrán zöldségekkel",
    "category": "dinner",
    "calories": 400,
    "protein_g": 38,
    "carbs_g": 16,
    "fat_g": 20,
    "servings": 2,
    "ready_in_minutes": 35,
    "image_url": "https://images.unsplash.com/photo-1519708227418-c8fd9a32b7a2?w=800",
    "source_url": "https://www.google.com/search?q=S%C3%BClt%20hal%20mediterr%C3%A1n%20z%C3%B6lds%C3%A9gekkel%20recept",
    "ingredients": "fehér hal, cukkini, padlizsán, paradicsom, timián",
    "instructions": "Halat és zöldségeket sütjük"
  },
  {
    "name": "Csirkemelles buddha bowl",
    "category": "dinner",
    "calories": 460,
    "protein_g": 36,
    "carbs_g": 48,
    "fat_g": 14,
    "servings": 2,
    "ready_in_minutes": 30,
    "image_url": "https://images.unsplash.com/photo-1546069901-ba9599a7e63c?w=800",
    "source_url": "https://www.google.com/search?q=Csirkemelles%20buddha%20bowl%20recept",
    "ingredients": "csirkemell, quinoa, édesburgonya, avokádó, csicseriborsó",
    "instructions": "Mindent külön elkészítünk, tálba rakjuk"
  },
  {
    "name": "Grillezett hal mangó salsával",
    "category": "dinner",
    "calories": 380,
    "protein_g": 36,
    "carbs_g": 28,
    "fat_g": 14,
    "servings": 2,
    "ready_in_minutes": 25,
    "image_url": "https://images.unsplash.com/photo-1519708227418-c8fd9a32b7a2?w=800",
    "source_url": "https://www.google.com/search?q=Grillezett%20hal%20mang%C3%B3%20sals%C3%A1val%20recept",
    "ingredients": "fehér hal, mangó, piros hagyma, chili, limé",
    "instructions": "Halat grillezzük, mangó salsát készítünk"
  },
  {
    "name": "Csirkemell édesburgonyás chipsszel",
    "category": "dinner",
    "calories": 440,
    "protein_g": 38,
    "carbs_g": 42,
    "fat_g": 14,
    "servings": 2,
    "ready_in_minutes": 40,
    "image_url": "https://images.unsplash.com/photo-1598103442097-8b74394b95c6?w=800",
    "source_url": "https://www.google.com/search?q=Csirkemell%20%C3%A9desburgony%C3%A1s%20chipsszel%20recept",
    "ingredients": "csirkemell, édesburgonya, fűszerek",
    "instructions": "Csirkét grillezzük, édesburgonyát chipssé sütjük"
  },
  {
    "name": "Görög joghurtos gyümölcstál",
    "category": "snack",
    "calories": 220,
    "protein_g": 14,
    "carbs_g": 32,
    "fat_g": 6,
    "servings": 1,
    "ready_in_minutes": 5,
    "image_url": "https://images.unsplash.com/photo-1488477181946-6428a0291777?w=800",
    "source_url": "https://www.google.com/search?q=G%C3%B6r%C3%B6g%20joghurtos%20gy%C3%BCm%C3%B6lcst%C3%A1l%20recept",
    "ingredients": "görög joghurt, banán, bogyós gyümölcs, méz, dió",
    "instructions": "Joghurtot tálba öntjük, gyümölccsel díszítjük"
  },
  {
    "name": "Mandulavajas alma",
    "category": "snack",
    "calories": 280,
    "protein_g": 8,
    "carbs_g": 34,
    "fat_g": 14,
    "servings": 1,
    "ready_in_minutes": 5,
    "image_url": "https://images.unsplash.com/photo-1568702846914-96b305d2aaeb?w=800",
    "source_url": "https://www.google.com/search?q=Mandulavajas%20alma%20recept",
    "ingredients": "alma, mandulavaj, méz, fahéj",
    "instructions": "Almát szeletelünk, mandulavajjal megkenjük"
  },
  {
    "name": "Házi protein szelet",
    "category": "snack",
    "calories": 180,
    "protein_g": 12,
    "carbs_g": 20,
    "fat_g": 6,
    "servings": 8,
    "ready_in_minutes": 30,
    "image_url": "https://images.unsplash.com/photo-1590846406792-0adc7f938f1d?w=800",
    "source_url": "https://www.google.com/search?q=H%C3%A1zi%20protein%20szelet%20recept",
    "ingredients": "zabpehely, protein por, mogyoróvaj, méz, dió",
    "instructions": "Mindent összekeverünk, hűtjük, kockázzuk"
  },
  {
    "name": "Hummus zöldségekkel",
    "category": "snack",
    "calories": 200,
    "protein_g": 8,
    "carbs_g": 24,
    "fat_g": 8,
    "servings": 2,
    "ready_in_minutes": 5,
    "image_url": "https://images.unsplash.com/photo-1546069901-ba9599a7e63c?w=800",
    "source_url": "https://www.google.com/search?q=Hummus%20z%C3%B6lds%C3%A9gekkel%20recept",
    "ingredients": "hummus, sárgarépa, paprika, uborka",
    "instructions": "Zöldségeket rudakra vágjuk, hummusszal tálaljuk"
  },
  {
    "name": "Túrós-gyümölcsös pohárkrém",
    "category": "snack",
    "calories": 240,
    "protein_g": 18,
    "carbs_g": 28,
    "fat_g": 6,
    "servings": 2,
    "ready_in_minutes": 10,
    "image_url": "https://images.unsplash.com/photo-1488477181946-6428a0291777?w=800",
    "source_url": "https://www.google.com/search?q=T%C3%BAr%C3%B3s-gy%C3%BCm%C3%B6lcs%C3%B6s%20poh%C3%A1rkr%C3%A9m%20recept",
    "ingredients": "túró, joghurt, banán, áfonya, méz",
    "instructions": "Túrót joghurttal keverjük, rétegesen rakjuk"
  },
  {
    "name": "Avokádós toast",
    "category": "snack",
    "calories": 320,
    "protein_g": 12,
    "carbs_g": 32,
    "fat_g": 18,
    "servings": 1,
    "ready_in_minutes": 10,
    "image_url": "https://images.unsplash.com/photo-1525351484163-7529414344d8?w=800",
    "source_url": "https://www.google.com/search?q=Avok%C3%A1d%C3%B3s%20toast%20recept",
    "ingredients": "kenyér, avokádó, limé, chili",
    "instructions": "Kenyeret pirítjuk, avokádót pépesítjük"
  },
  {
    "name": "Energia golyók",
    "category": "snack",
    "calories": 120,
    "protein_g": 4,
    "carbs_g": 18,
    "fat_g": 4,
    "servings": 10,
    "ready_in_minutes": 20,
    "image_url": "https://images.unsplash.com/photo-1590846406792-0adc7f938f1d?w=800",
    "source_url": "https://www.google.com/search?q=Energia%20goly%C3%B3k%20recept",
    "ingredients": "datolya, mandula, kakaópor, kókuszreszelék",
    "instructions": "Mindent turmixolunk, golyókat formázunk"
  },
  {
    "name": "Cottage cheese bogyós gyümölcsökkel",
    "category": "snack",
    "calories": 180,
    "protein_g": 16,
    "carbs_g": 22,
    "fat_g": 4,
    "servings": 1,
    "ready_in_minutes": 5,
    "image_url": "https://images.unsplash.com/photo-1488477181946-6428a0291777?w=800",
    "source_url": "https://www.google.com/search?q=Cottage%20cheese%20bogy%C3%B3s%20gy%C3%BCm%C3%B6lcs%C3%B6kkel%20recept",
    "ingredients": "cottage cheese, bogyós gyümölcs, méz, menta",
    "instructions": "Cottage cheese-t gyümölccsel tálaljuk"
  },
  {
    "name": "Banános-diós smoothie",
    "category": "snack",
    "calories": 260,
    "protein_g": 10,
    "carbs_g": 38,
    "fat_g": 8,
    "servings": 1,
    "ready_in_minutes": 5,
    "image_url": "https://images.unsplash.com/photo-1505252585461-04db1eb84625?w=800",
    "source_url": "https://www.google.com/search?q=Ban%C3%A1nos-di%C3%B3s%20smoothie%20recept",
    "ingredients": "banán, mandulatej, dió, méz, fahéj",
    "instructions": "Mindent turmixolunk"
  },
  {
    "name": "Fűszeres pirított csicseriborsó",
    "category": "snack",
    "calories": 220,
    "protein_g": 10,
    "carbs_g": 32,
    "fat_g": 6,
    "servings": 4,
    "ready_in_minutes": 35,
    "image_url": "https://images.unsplash.com/photo-1551963831-b3b1ca40c98e?w=800",
    "source_url": "https://www.google.com/search?q=F%C5%B1szeres%20pir%C3%ADtott%20csicseribors%C3%B3%20recept",
    "ingredients": "csicseriborsó, olívaolaj, pirospaprika, kurkuma",
    "instructions": "Csicseriborsót fűszerezzük, sütjük"
  },
  {
    "name": "Tojás muffin",
    "category": "snack",
    "calories": 160,
    "protein_g": 12,
    "carbs_g": 6,
    "fat_g": 10,
    "servings": 6,
    "ready_in_minutes": 25,
    "image_url": "https://images.unsplash.com/photo-1608039829572-78524f79c4c7?w=800",
    "source_url": "https://www.google.com/search?q=Toj%C3%A1s%20muffin%20recept",
    "ingredients": "tojás, sajt, spenót, sonka",
    "instructions": "Tojást felverjük, muffin formákba öntjük, sütjük"
  },
  {
    "name": "Zöld smoothie",
    "category": "snack",
    "calories": 180,
    "protein_g": 6,
    "carbs_g": 32,
    "fat_g": 4,
    "servings": 1,
    "ready_in_minutes": 5,
    "image_url": "https://images.unsplash.com/photo-1610970881699-44a5587cabec?w=800",
    "source_url": "https://www.google.com/search?q=Z%C3%B6ld%20smoothie%20recept",
    "ingredients": "spenót, banán, avokádó, mandulatej, méz",
    "instructions": "Mindent turmixolunk"
  },
  {
    "name": "Sajtos-baconös kukorica",
    "category": "snack",
    "calories": 280,
    "protein_g": 14,
    "carbs_g": 24,
    "fat_g": 14,
    "servings": 4,
    "ready_in_minutes": 30,
    "image_url": "https://images.unsplash.com/photo-1551963831-b3b1ca40c98e?w=800",
    "source_url": "https://www.google.com/search?q=Sajtos-bacon%C3%B6s%20kukorica%20recept",
    "ingredients": "kukorica, bacon, sajt, tejföl",
    "instructions": "Bacont pirítjuk, kukoricát hozzáadjuk, sütjük"
  },
  {
    "name": "Mogyoróvajas banán",
    "category": "snack",
    "calories": 300,
    "protein_g": 10,
    "carbs_g": 36,
    "fat_g": 14,
    "servings": 1,
    "ready_in_minutes": 5,
    "image_url": "https://images.unsplash.com/photo-1571771894821-ce9b6c11b08e?w=800",
    "source_url": "https://www.google.com/search?q=Mogyor%C3%B3vajas%20ban%C3%A1n%20recept",
    "ingredients": "banán, mogyoróvaj, méz, étcsokoládé",
    "instructions": "Banánt félbevágjuk, mogyoróvajjal megkenjük"
  },
  {
    "name": "Zabpelyhes-gyümölcsös pohár",
    "category": "snack",
    "calories": 240,
    "protein_g": 10,
    "carbs_g": 38,
    "fat_g": 6,
    "servings": 1,
    "ready_in_minutes": 5,
    "image_url": "https://images.unsplash.com/photo-1488477181946-6428a0291777?w=800",
    "source_url": "https://www.google.com/search?q=Zabpelyhes-gy%C3%BCm%C3%B6lcs%C3%B6s%20poh%C3%A1r%20recept",
    "ingredients": "zabpehely, joghurt, alma, dió, méz",
    "instructions": "Joghurtot zabpelyhet gyümölccsel rétegezünk"
  },
  {
    "name": "Édesburgonya chips",
    "category": "snack",
    "calories": 180,
    "protein_g": 4,
    "carbs_g": 32,
    "fat_g": 4,
    "servings": 4,
    "ready_in_minutes": 30,
    "image_url": "https://images.unsplash.com/photo-1568158879083-c42860933ed7?w=800",
    "source_url": "https://www.google.com/search?q=%C3%89desburgonya%20chips%20recept",
    "ingredients": "édesburgonya, olívaolaj, pirospaprika, rozmaring",
    "instructions": "Édesburgonyát szeletelünk, fűszerezzük, sütjük"
  },
  {
    "name": "Protein puding",
    "category": "snack",
    "calories": 200,
    "protein_g": 20,
    "carbs_g": 22,
    "fat_g": 4,
    "servings": 2,
    "ready_in_minutes": 120,
    "image_url": "https://images.unsplash.com/photo-1488477181946-6428a0291777?w=800",
    "source_url": "https://www.google.com/search?q=Protein%20puding%20recept",
    "ingredients": "protein por, tej, chia mag, méz, gyümölcs",
    "instructions": "Proteint tejjel keverjük, chia magot hozzáadjuk, hűtjük"
  },
  {
    "name": "Sajtos-fűszeres popcorn",
    "category": "snack",
    "calories": 160,
    "protein_g": 6,
    "carbs_g": 20,
    "fat_g": 6,
    "servings": 4,
    "ready_in_minutes": 10,
    "image_url": "https://images.unsplash.com/photo-1578849278619-e73505e9610f?w=800",
    "source_url": "https://www.google.com/search?q=Sajtos-f%C5%B1szeres%20popcorn%20recept",
    "ingredients": "kukorica, olívaolaj, parmezán, oregano",
    "instructions": "Kukoricát pattogatjuk, parmezánnal szórjuk"
  },
  {
    "name": "Pirított mandula",
    "category": "snack",
    "calories": 200,
    "protein_g": 8,
    "carbs_g": 8,
    "fat_g": 16,
    "servings": 4,
    "ready_in_minutes": 15,
    "image_url": "https://images.unsplash.com/photo-1508737804141-4c3b688e2546?w=800",
    "source_url": "https://www.google.com/search?q=Pir%C3%ADtott%20mandula%20recept",
    "ingredients": "mandula, méz, fahéj",
    "instructions": "Mandulát mézzel és fahéjjal pirítjuk"
  },
  {
    "name": "Fetás-spenótos tekercs",
    "category": "snack",
    "calories": 220,
    "protein_g": 12,
    "carbs_g": 24,
    "fat_g": 8,
    "servings": 6,
    "ready_in_minutes": 30,
    "image_url": "https://images.unsplash.com/photo-1601000938365-f182caa6d3d2?w=800",
    "source_url": "https://www.google.com/search?q=Fet%C3%A1s-spen%C3%B3tos%20tekercs%20recept",
    "ingredients": "leveles tészta, spenót, feta, tojás",
    "instructions": "Spenótot pirítjuk, fetával tésztába tekerjük, sütjük"
  },
  {
    "name": "Proteines csokoládés mousse",
    "category": "snack",
    "calories": 180,
    "protein_g": 16,
    "carbs_g": 18,
    "fat_g": 6,
    "servings": 4,
    "ready_in_minutes": 10,
    "image_url": "https://images.unsplash.com/photo-1488477181946-6428a0291777?w=800",
    "source_url": "https://www.google.com/search?q=Proteines%20csokol%C3%A1d%C3%A9s%20mousse%20recept",
    "ingredients": "görög joghurt, csoki protein por, kakaópor, méz",
    "instructions": "Joghurtot protein porral keverjük, hűtjük"
  },
  {
    "name": "Sajtos-fűszeres kréker",
    "category": "snack",
    "calories": 150,
    "protein_g": 8,
    "carbs_g": 16,
    "fat_g": 6,
    "servings": 1,
    "ready_in_minutes": 5,
    "image_url": "https://images.unsplash.com/photo-1509042239860-f550ce710b93?w=800",
    "source_url": "https://www.google.com/search?q=Sajtos-f%C5%B1szeres%20kr%C3%A9ker%20recept",
    "ingredients": "teljes kiőrlésű kréker, cottage cheese, paradicsom, bazsalikom",
    "instructions": "Krékereket cottage cheese-zel megkenjük"
  },
  {
    "name": "Banános-zabpelyhes keksz",
    "category": "snack",
    "calories": 140,
    "protein_g": 4,
    "carbs_g": 22,
    "fat_g": 4,
    "servings": 12,
    "ready_in_minutes": 25,
    "image_url": "https://images.unsplash.com/photo-1590846406792-0adc7f938f1d?w=800",
    "source_url": "https://www.google.com/search?q=Ban%C3%A1nos-zabpelyhes%20keksz%20recept",
    "ingredients": "banán, zabpehely, dió, méz, fahéj",
    "instructions": "Banánt összetörjük, zabpelyhet hozzáadjuk, sütjük"
  },
  {
    "name": "Túrókrém gyümölccsel",
    "category": "snack",
    "calories": 210,
    "protein_g": 18,
    "carbs_g": 26,
    "fat_g": 4,
    "servings": 2,
    "ready_in_minutes": 5,
    "image_url": "https://images.unsplash.com/photo-1488477181946-6428a0291777?w=800",
    "source_url": "https://www.google.com/search?q=T%C3%BAr%C3%B3kr%C3%A9m%20gy%C3%BCm%C3%B6lccsel%20recept",
    "ingredients": "túró, joghurt, őszibarack, méz, vanília",
    "instructions": "Túrót joghurttal keverjük, gyümölccsel tálaljuk"
  },
  {
    "name": "Mini-quiche zöldségekkel",
    "category": "snack",
    "calories": 180,
    "protein_g": 10,
    "carbs_g": 14,
    "fat_g": 10,
    "servings": 6,
    "ready_in_minutes": 30,
    "image_url": "https://images.unsplash.com/photo-1608039829572-78524f79c4c7?w=800",
    "source_url": "https://www.google.com/search?q=Mini-quiche%20z%C3%B6lds%C3%A9gekkel%20recept",
    "ingredients": "tojás, tej, sajt, zöldségkeverék",
    "instructions": "Tojást tejjel felverjük, muffin formákba öntjük, sütjük"
  },
  {
    "name": "Tejfölös uborka saláta",
    "category": "lunch",
    "calories": 120,
    "protein_g": 6,
    "carbs_g": 14,
    "fat_g": 6,
    "servings": 2,
    "ready_in_minutes": 10,
    "image_url": "https://images.unsplash.com/photo-1540189549336-e6e99c3679fe?w=800",
    "source_url": "https://www.google.com/search?q=Tejf%C3%B6l%C3%B6s%20uborka%20sal%C3%A1ta%20recept",
    "ingredients": "2 uborka, 150g tejföl, fokhagyma, kapor",
    "instructions": "Uborkát szeletelünk, tejföllel és fűszerekkel keverjük"
  },
  {
    "name": "Paradicsomos scrambled egg",
    "category": "breakfast",
    "calories": 260,
    "protein_g": 18,
    "carbs_g": 12,
    "fat_g": 16,
    "servings": 1,
    "ready_in_minutes": 10,
    "image_url": "https://images.unsplash.com/photo-1525351484163-7529414344d8?w=800",
    "source_url": "https://www.google.com/search?q=Paradicsomos%20scrambled%20egg%20recept",
    "ingredients": "3 tojás, 2 paradicsom, vaj, bazsalikom",
    "instructions": "Paradicsomot felkockázzuk, tojással összekeverjük, sütjük"
  },
  {
    "name": "Aszalt gyümölcsös-mogyorós mix",
    "category": "snack",
    "calories": 210,
    "protein_g": 6,
    "carbs_g": 28,
    "fat_g": 9,
    "servings": 4,
    "ready_in_minutes": 5,
    "image_url": "https://images.unsplash.com/photo-1508737804141-4c3b688e2546?w=800",
    "source_url": "https://www.google.com/search?q=Aszalt%20gy%C3%BCm%C3%B6lcs%C3%B6s-mogyor%C3%B3s%20mix%20recept",
    "ingredients": "aszalt áfonya, aszalt sárgabarack, mogyoró, tökmag",
    "instructions": "Mindent összekeverünk, adagonként fogyasztjuk"
  },
  {
    "name": "Szendvics avokádóval és tojással",
    "category": "breakfast",
    "calories": 320,
    "protein_g": 16,
    "carbs_g": 28,
    "fat_g": 18,
    "servings": 1,
    "ready_in_minutes": 10,
    "image_url": "https://images.unsplash.com/photo-1525351484163-7529414344d8?w=800",
    "source_url": "https://www.google.com/search?q=Szendvics%20avok%C3%A1d%C3%B3val%20recept",
    "ingredients": "kenyér, avokádó, tojás, só",
    "instructions": "Kenyeret pirítunk, avokádót pépesítünk, tojást sütünk"
  },
  {
    "name": "Gyümölcsös túrótorta",
    "category": "breakfast",
    "calories": 280,
    "protein_g": 18,
    "carbs_g": 32,
    "fat_g": 8,
    "servings": 4,
    "ready_in_minutes": 120,
    "image_url": "https://images.unsplash.com/photo-1565958011703-44f9829ba187?w=800",
    "source_url": "https://www.google.com/search?q=Gy%C3%BCm%C3%B6lcs%C3%B6s%20t%C3%BAr%C3%B3torta%20recept",
    "ingredients": "túró, joghurt, gyümölcs, méz",
    "instructions": "Túrót joghurttal keverjük, gyümölccsel díszítjük"
  },
  {
    "name": "Rakott tojás",
    "category": "breakfast",
    "calories": 290,
    "protein_g": 20,
    "carbs_g": 12,
    "fat_g": 18,
    "servings": 2,
    "ready_in_minutes": 20,
    "image_url": "https://images.unsplash.com/photo-1608039829572-78524f79c4c7?w=800",
    "source_url": "https://www.google.com/search?q=Rakott%20toj%C3%A1s%20recept",
    "ingredients": "tojás, tejföl, sajt, sonka",
    "instructions": "Tojást főzzük, rétegesen rakjuk tejföllel"
  },
  {
    "name": "Diós-mákos zabkása",
    "category": "breakfast",
    "calories": 340,
    "protein_g": 12,
    "carbs_g": 48,
    "fat_g": 12,
    "servings": 1,
    "ready_in_minutes": 10,
    "image_url": "https://images.unsplash.com/photo-1517673132405-a56a62b18caf?w=800",
    "source_url": "https://www.google.com/search?q=Di%C3%B3s%20m%C3%A1kos%20zabk%C3%A1sa%20recept",
    "ingredients": "zabpehely, tej, dió, mák, méz",
    "instructions": "Zabpelyhet megfőzzük, dióval és mákkal tálaljuk"
  },
  {
    "name": "Sült tojás sonkával",
    "category": "breakfast",
    "calories": 260,
    "protein_g": 22,
    "carbs_g": 4,
    "fat_g": 18,
    "servings": 1,
    "ready_in_minutes": 10,
    "image_url": "https://images.unsplash.com/photo-1525351484163-7529414344d8?w=800",
    "source_url": "https://www.google.com/search?q=S%C3%BClt%20toj%C3%A1s%20sonk%C3%A1val%20recept",
    "ingredients": "tojás, sonka, vaj, sajt",
    "instructions": "Tojást sonkával sütünk vajban"
  },
  {
    "name": "Gyümölcsös protein shake",
    "category": "breakfast",
    "calories": 220,
    "protein_g": 25,
    "carbs_g": 20,
    "fat_g": 4,
    "servings": 1,
    "ready_in_minutes": 5,
    "image_url": "https://images.unsplash.com/photo-1505252585461-04db1eb84625?w=800",
    "source_url": "https://www.google.com/search?q=Protein%20shake%20recept",
    "ingredients": "protein por, banán, bogyós gyümölcs, tej",
    "instructions": "Mindent turmixolunk"
  },
  {
    "name": "Sajtos-tojásos muffin",
    "category": "breakfast",
    "calories": 180,
    "protein_g": 14,
    "carbs_g": 12,
    "fat_g": 10,
    "servings": 6,
    "ready_in_minutes": 25,
    "image_url": "https://images.unsplash.com/photo-1607958996333-41aef7caefaa?w=800",
    "source_url": "https://www.google.com/search?q=Sajtos%20toj%C3%A1sos%20muffin%20recept",
    "ingredients": "tojás, sajt, liszt, tej",
    "instructions": "Tojást felverjük, muffin formákba öntjük, sütjük"
  },
  {
    "name": "Földimogyoróvajas toast",
    "category": "breakfast",
    "calories": 340,
    "protein_g": 14,
    "carbs_g": 38,
    "fat_g": 16,
    "servings": 1,
    "ready_in_minutes": 5,
    "image_url": "https://images.unsplash.com/photo-1525351484163-7529414344d8?w=800",
    "source_url": "https://www.google.com/search?q=F%C3%B6ldimogyor%C3%B3vajas%20toast%20recept",
    "ingredients": "kenyér, földimogyoróvaj, banán",
    "instructions": "Kenyeret pirítunk, mogyoróvajjal megkenjük"
  },
  {
    "name": "Répás-almás zabpehely",
    "category": "breakfast",
    "calories": 300,
    "protein_g": 10,
    "carbs_g": 52,
    "fat_g": 6,
    "servings": 1,
    "ready_in_minutes": 10,
    "image_url": "https://images.unsplash.com/photo-1517673132405-a56a62b18caf?w=800",
    "source_url": "https://www.google.com/search?q=R%C3%A9p%C3%A1s%20alm%C3%A1s%20zabpehely%20recept",
    "ingredients": "zabpehely, répa, alma, fahéj",
    "instructions": "Zabpelyhet répával és almával főzzük"
  },
  {
    "name": "Tojásos-baconos wrap",
    "category": "breakfast",
    "calories": 380,
    "protein_g": 24,
    "carbs_g": 32,
    "fat_g": 18,
    "servings": 1,
    "ready_in_minutes": 15,
    "image_url": "https://images.unsplash.com/photo-1626700051175-6818013e1d4f?w=800",
    "source_url": "https://www.google.com/search?q=Toj%C3%A1sos%20baconos%20wrap%20recept",
    "ingredients": "tortilla, tojás, bacon, sajt",
    "instructions": "Bacont pirítunk, tojást rántottát készítünk, tortillába tekerjük"
  },
  {
    "name": "Csirkemell gombás mártással",
    "category": "lunch",
    "calories": 420,
    "protein_g": 48,
    "carbs_g": 18,
    "fat_g": 18,
    "servings": 2,
    "ready_in_minutes": 30,
    "image_url": "https://images.unsplash.com/photo-1598103442097-8b74394b95c6?w=800",
    "source_url": "https://www.google.com/search?q=Csirkemell%20gomb%C3%A1s%20m%C3%A1rt%C3%A1ssal%20recept",
    "ingredients": "csirkemell, gomba, tejszín, hagyma",
    "instructions": "Csirkét pirítjuk, gombás mártást készítünk"
  },
  {
    "name": "Hal paprikás szósszal",
    "category": "lunch",
    "calories": 380,
    "protein_g": 36,
    "carbs_g": 22,
    "fat_g": 16,
    "servings": 2,
    "ready_in_minutes": 25,
    "image_url": "https://images.unsplash.com/photo-1519708227418-c8fd9a32b7a2?w=800",
    "source_url": "https://www.google.com/search?q=Hal%20paprik%C3%A1s%20sz%C3%B3sszal%20recept",
    "ingredients": "hal, paprika, paradicsom, hagyma",
    "instructions": "Halat paprikás szószban főzzük"
  },
  {
    "name": "Zöldborsóleves sonkával",
    "category": "lunch",
    "calories": 320,
    "protein_g": 22,
    "carbs_g": 38,
    "fat_g": 10,
    "servings": 4,
    "ready_in_minutes": 40,
    "image_url": "https://images.unsplash.com/photo-1547592166-23ac45744acd?w=800",
    "source_url": "https://www.google.com/search?q=Z%C3%B6ldbors%C3%B3leves%20sonk%C3%A1val%20recept",
    "ingredients": "zöldborsó, sonka, hagyma, tejszín",
    "instructions": "Borsót főzzük sonkával és tejszínnel"
  },
  {
    "name": "Fasírt zöldségkörettel",
    "category": "lunch",
    "calories": 440,
    "protein_g": 32,
    "carbs_g": 24,
    "fat_g": 24,
    "servings": 4,
    "ready_in_minutes": 30,
    "image_url": "https://images.unsplash.com/photo-1529692236671-f1f6cf9683ba?w=800",
    "source_url": "https://www.google.com/search?q=Fas%C3%ADrt%20z%C3%B6lds%C3%A9gek%C3%B6rettel%20recept",
    "ingredients": "darált hús, tojás, zsemlemorzsa, zöldségek",
    "instructions": "Fasírtot formázunk és sütjük"
  },
  {
    "name": "Töltött padlizsán",
    "category": "lunch",
    "calories": 380,
    "protein_g": 24,
    "carbs_g": 32,
    "fat_g": 18,
    "servings": 4,
    "ready_in_minutes": 50,
    "image_url": "https://images.unsplash.com/photo-1601000938365-f182caa6d3d2?w=800",
    "source_url": "https://www.google.com/search?q=T%C3%B6lt%C3%B6tt%20padlizs%C3%A1n%20recept",
    "ingredients": "padlizsán, darált hús, rizs, paradicsom",
    "instructions": "Padlizsánt megtöltjük, sütjük"
  },
  {
    "name": "Hortobágyi palacsinta",
    "category": "lunch",
    "calories": 480,
    "protein_g": 28,
    "carbs_g": 42,
    "fat_g": 22,
    "servings": 4,
    "ready_in_minutes": 40,
    "image_url": "https://images.unsplash.com/photo-1567620905732-2d1ec7ab7445?w=800",
    "source_url": "https://www.google.com/search?q=Hortob%C3%A1gyi%20palacsinta%20recept",
    "ingredients": "palacsinta, csirkemell, tejföl, paprika",
    "instructions": "Palacsintát megtöltjük, tejfölös szószt készítünk"
  },
  {
    "name": "Tejfölös-fokhagymás csirkemell",
    "category": "lunch",
    "calories": 420,
    "protein_g": 46,
    "carbs_g": 12,
    "fat_g": 20,
    "servings": 2,
    "ready_in_minutes": 25,
    "image_url": "https://images.unsplash.com/photo-1598103442097-8b74394b95c6?w=800",
    "source_url": "https://www.google.com/search?q=Tejf%C3%B6l%C3%B6s%20fokhagym%C3%A1s%20csirkemell%20recept",
    "ingredients": "csirkemell, tejföl, fokhagyma",
    "instructions": "Csirkét tejfölös szószban sütjük"
  },
  {
    "name": "Paradicsomos rizses hús",
    "category": "lunch",
    "calories": 460,
    "protein_g": 32,
    "carbs_g": 54,
    "fat_g": 14,
    "servings": 4,
    "ready_in_minutes": 35,
    "image_url": "https://images.unsplash.com/photo-1516714819001-8ee7a13b71d7?w=800",
    "source_url": "https://www.google.com/search?q=Paradicsomos%20rizses%20h%C3%BAs%20recept",
    "ingredients": "darált hús, rizs, paradicsom, hagyma",
    "instructions": "Húst rizzsel és paradicsommal főzzük"
  },
  {
    "name": "Sertésborda bbq szósszal",
    "category": "lunch",
    "calories": 520,
    "protein_g": 38,
    "carbs_g": 28,
    "fat_g": 28,
    "servings": 2,
    "ready_in_minutes": 60,
    "image_url": "https://images.unsplash.com/photo-1529692236671-f1f6cf9683ba?w=800",
    "source_url": "https://www.google.com/search?q=Sert%C3%A9sborda%20bbq%20sz%C3%B3sszal%20recept",
    "ingredients": "sertésborda, bbq szósz, méz",
    "instructions": "Bordát bbq szószban sütjük"
  },
  {
    "name": "Rakott karfiol",
    "category": "lunch",
    "calories": 380,
    "protein_g": 24,
    "carbs_g": 32,
    "fat_g": 18,
    "servings": 4,
    "ready_in_minutes": 45,
    "image_url": "https://images.unsplash.com/photo-1530648672449-81f6c723e2f1?w=800",
    "source_url": "https://www.google.com/search?q=Rakott%20karfiol%20recept",
    "ingredients": "karfiol, darált hús, tejföl, sajt",
    "instructions": "Karfiolot főzzük, rétegesen rakjuk"
  },
  {
    "name": "Csirkemell sajttal töltve",
    "category": "lunch",
    "calories": 460,
    "protein_g": 50,
    "carbs_g": 8,
    "fat_g": 26,
    "servings": 2,
    "ready_in_minutes": 35,
    "image_url": "https://images.unsplash.com/photo-1598103442097-8b74394b95c6?w=800",
    "source_url": "https://www.google.com/search?q=Csirkemell%20sajttal%20t%C3%B6ltve%20recept",
    "ingredients": "csirkemell, sajt, sonka",
    "instructions": "Csirkemellet sajttal és sonkával töltjük"
  },
  {
    "name": "Halászlé",
    "category": "lunch",
    "calories": 340,
    "protein_g": 32,
    "carbs_g": 18,
    "fat_g": 16,
    "servings": 4,
    "ready_in_minutes": 60,
    "image_url": "https://images.unsplash.com/photo-1547592166-23ac45744acd?w=800",
    "source_url": "https://www.google.com/search?q=Hal%C3%A1szl%C3%A9%20recept",
    "ingredients": "hal, hagyma, paprika, paradicsom",
    "instructions": "Halat paprikás lébe főzzük"
  },
  {
    "name": "Tejfölös-kapros uborka csirkével",
    "category": "lunch",
    "calories": 380,
    "protein_g": 36,
    "carbs_g": 22,
    "fat_g": 18,
    "servings": 4,
    "ready_in_minutes": 30,
    "image_url": "https://images.unsplash.com/photo-1598103442097-8b74394b95c6?w=800",
    "source_url": "https://www.google.com/search?q=Tejf%C3%B6l%C3%B6s%20ubork a%20csirk%C3%A9vel%20recept",
    "ingredients": "csirkemell, uborka, tejföl, kapor",
    "instructions": "Csirkét uborkás szószban főzzük"
  },
  {
    "name": "Sült kacsa káposztával",
    "category": "lunch",
    "calories": 580,
    "protein_g": 42,
    "carbs_g": 32,
    "fat_g": 32,
    "servings": 4,
    "ready_in_minutes": 90,
    "image_url": "https://images.unsplash.com/photo-1598103442097-8b74394b95c6?w=800",
    "source_url": "https://www.google.com/search?q=S%C3%BClt%20kacsa%20k%C3%A1poszt%C3%A1val%20recept",
    "ingredients": "kacsa, káposzta, szalonna",
    "instructions": "Kacsát káposztával sütjük"
  },
  {
    "name": "Paradicsomos húsgombóc",
    "category": "lunch",
    "calories": 420,
    "protein_g": 34,
    "carbs_g": 28,
    "fat_g": 20,
    "servings": 4,
    "ready_in_minutes": 35,
    "image_url": "https://images.unsplash.com/photo-1529692236671-f1f6cf9683ba?w=800",
    "source_url": "https://www.google.com/search?q=Paradicsomos%20h%C3%BAsgomb%C3%B3c%20recept",
    "ingredients": "darált hús, paradicsom, hagyma, rizs",
    "instructions": "Húsgombócot paradicsomos szószban főzzük"
  },
  {
    "name": "Sült sajt salátával",
    "category": "dinner",
    "calories": 380,
    "protein_g": 22,
    "carbs_g": 18,
    "fat_g": 24,
    "servings": 2,
    "ready_in_minutes": 20,
    "image_url": "https://images.unsplash.com/photo-1626645738196-c2a7c87a8f58?w=800",
    "source_url": "https://www.google.com/search?q=S%C3%BClt%20sajt%20sal%C3%A1t%C3%A1val%20recept",
    "ingredients": "camembert sajt, saláta, áfonya",
    "instructions": "Sajtot sütjük, salátával tálaljuk"
  },
  {
    "name": "Tonhalas pizza",
    "category": "dinner",
    "calories": 420,
    "protein_g": 28,
    "carbs_g": 48,
    "fat_g": 14,
    "servings": 2,
    "ready_in_minutes": 25,
    "image_url": "https://images.unsplash.com/photo-1565299624946-b28f40a0ae38?w=800",
    "source_url": "https://www.google.com/search?q=Tonhalas%20pizza%20recept",
    "ingredients": "pizza tészta, tonhal, sajt, hagyma",
    "instructions": "Tésztát megkenjük, tonhallal meghintjük, sütjük"
  },
  {
    "name": "Rákos tészta",
    "category": "dinner",
    "calories": 440,
    "protein_g": 32,
    "carbs_g": 52,
    "fat_g": 14,
    "servings": 2,
    "ready_in_minutes": 20,
    "image_url": "https://images.unsplash.com/photo-1621996346565-e3dbc646d9a9?w=800",
    "source_url": "https://www.google.com/search?q=R%C3%A1kos%20t%C3%A9szta%20recept",
    "ingredients": "tészta, rák, tejszín, fokhagyma",
    "instructions": "Tésztát főzzük, rákos szószt készítünk"
  },
  {
    "name": "Fetás-spenótos lepény",
    "category": "dinner",
    "calories": 360,
    "protein_g": 18,
    "carbs_g": 38,
    "fat_g": 16,
    "servings": 4,
    "ready_in_minutes": 30,
    "image_url": "https://images.unsplash.com/photo-1601000938365-f182caa6d3d2?w=800",
    "source_url": "https://www.google.com/search?q=Fet%C3%A1s%20spen%C3%B3tos%20lep%C3%A9ny%20recept",
    "ingredients": "liszttészta, spenót, feta, tojás",
    "instructions": "Spenótot fetával tésztába rakjuk, sütjük"
  },
  {
    "name": "Padlizsánkrém pirítóssal",
    "category": "dinner",
    "calories": 280,
    "protein_g": 8,
    "carbs_g": 32,
    "fat_g": 14,
    "servings": 2,
    "ready_in_minutes": 30,
    "image_url": "https://images.unsplash.com/photo-1546069901-ba9599a7e63c?w=800",
    "source_url": "https://www.google.com/search?q=Padlizs%C3%A1nkr%C3%A9m%20pir%C3%ADt%C3%B3ssal%20recept",
    "ingredients": "padlizsán, fokhagyma, tahini, citrom",
    "instructions": "Padlizsánt sütjük, pürésítjük"
  },
  {
    "name": "Garnélarák saláta",
    "category": "dinner",
    "calories": 320,
    "protein_g": 28,
    "carbs_g": 18,
    "fat_g": 16,
    "servings": 2,
    "ready_in_minutes": 15,
    "image_url": "https://images.unsplash.com/photo-1540189549336-e6e99c3679fe?w=800",
    "source_url": "https://www.google.com/search?q=Garn%C3%A9lar%C3%A1k%20sal%C3%A1ta%20recept",
    "ingredients": "garnélarák, saláta, avokádó, limé",
    "instructions": "Garnélát pirítjuk, salátával tálaljuk"
  },
  {
    "name": "Vegán burger",
    "category": "dinner",
    "calories": 380,
    "protein_g": 18,
    "carbs_g": 48,
    "fat_g": 14,
    "servings": 2,
    "ready_in_minutes": 25,
    "image_url": "https://images.unsplash.com/photo-1572802419224-296b0aeee0d9?w=800",
    "source_url": "https://www.google.com/search?q=Veg%C3%A1n%20burger%20recept",
    "ingredients": "burger zsemle, vegán fasírt, saláta, paradicsom",
    "instructions": "Vegán fasírtot sütünk, burger-be rakjuk"
  },
  {
    "name": "Quesadilla csirkével",
    "category": "dinner",
    "calories": 420,
    "protein_g": 32,
    "carbs_g": 38,
    "fat_g": 18,
    "servings": 2,
    "ready_in_minutes": 20,
    "image_url": "https://images.unsplash.com/photo-1626700051175-6818013e1d4f?w=800",
    "source_url": "https://www.google.com/search?q=Quesadilla%20csirk%C3%A9vel%20recept",
    "ingredients": "tortilla, csirkemell, sajt, paprika",
    "instructions": "Csirkét pirítjuk, tortillába töltjük, sajtra sütjük"
  },
  {
    "name": "Spenótos-ricottás lasagne",
    "category": "dinner",
    "calories": 460,
    "protein_g": 26,
    "carbs_g": 48,
    "fat_g": 18,
    "servings": 6,
    "ready_in_minutes": 60,
    "image_url": "https://images.unsplash.com/photo-1621996346565-e3dbc646d9a9?w=800",
    "source_url": "https://www.google.com/search?q=Spen%C3%B3tos%20ricott%C3%A1s%20lasagne%20recept",
    "ingredients": "lasagne tészta, spenót, ricotta, paradicsom",
    "instructions": "Rétegesen rakjuk, sütjük"
  },
  {
    "name": "Tészta pestóval",
    "category": "dinner",
    "calories": 380,
    "protein_g": 16,
    "carbs_g": 52,
    "fat_g": 14,
    "servings": 2,
    "ready_in_minutes": 15,
    "image_url": "https://images.unsplash.com/photo-1621996346565-e3dbc646d9a9?w=800",
    "source_url": "https://www.google.com/search?q=T%C3%A9szta%20pest%C3%B3val%20recept",
    "ingredients": "tészta, bazsalikom pesto, parmezán",
    "instructions": "Tésztát főzzük, pestóval keverjük"
  },
  {
    "name": "Sós mogyoró",
    "category": "snack",
    "calories": 180,
    "protein_g": 8,
    "carbs_g": 6,
    "fat_g": 14,
    "servings": 4,
    "ready_in_minutes": 15,
    "image_url": "https://images.unsplash.com/photo-1508737804141-4c3b688e2546?w=800",
    "source_url": "https://www.google.com/search?q=S%C3%B3s%20mogyor%C3%B3%20recept",
    "ingredients": "mogyoró, só",
    "instructions": "Mogyorót sóval pirítunk"
  },
  {
    "name": "Diós-mákos golyó",
    "category": "snack",
    "calories": 140,
    "protein_g": 4,
    "carbs_g": 16,
    "fat_g": 6,
    "servings": 10,
    "ready_in_minutes": 20,
    "image_url": "https://images.unsplash.com/photo-1590846406792-0adc7f938f1d?w=800",
    "source_url": "https://www.google.com/search?q=Di%C3%B3s%20m%C3%A1kos%20goly%C3%B3%20recept",
    "ingredients": "dió, mák, méz, datolya",
    "instructions": "Mindent turmixolunk, golyókat formázunk"
  },
  {
    "name": "Répás-mogyorós keksz",
    "category": "snack",
    "calories": 160,
    "protein_g": 6,
    "carbs_g": 20,
    "fat_g": 6,
    "servings": 12,
    "ready_in_minutes": 30,
    "image_url": "https://images.unsplash.com/photo-1590846406792-0adc7f938f1d?w=800",
    "source_url": "https://www.google.com/search?q=R%C3%A9p%C3%A1s%20mogyor%C3%B3s%20keksz%20recept",
    "ingredients": "répa, mogyoró, zabpehely, méz",
    "instructions": "Répát reszeljük, hozzávalókkal keverjük, sütjük"
  },
  {
    "name": "Almás pite szelet",
    "category": "snack",
    "calories": 220,
    "protein_g": 4,
    "carbs_g": 32,
    "fat_g": 8,
    "servings": 8,
    "ready_in_minutes": 45,
    "image_url": "https://images.unsplash.com/photo-1565958011703-44f9829ba187?w=800",
    "source_url": "https://www.google.com/search?q=Alm%C3%A1s%20pite%20szelet%20recept",
    "ingredients": "alma, liszt, vaj, fahéj",
    "instructions": "Tésztát készítünk, almát rászórjuk, sütjük"
  },
  {
    "name": "Sajtos puffancs",
    "category": "snack",
    "calories": 180,
    "protein_g": 10,
    "carbs_g": 16,
    "fat_g": 8,
    "servings": 6,
    "ready_in_minutes": 25,
    "image_url": "https://images.unsplash.com/photo-1509042239860-f550ce710b93?w=800",
    "source_url": "https://www.google.com/search?q=Sajtos%20puffancs%20recept",
    "ingredients": "liszt, sajt, tojás, vaj",
    "instructions": "Tésztát készítünk, formázunk, sütjük"
  },
  {
    "name": "Cukormentes brownie",
    "category": "snack",
    "calories": 200,
    "protein_g": 6,
    "carbs_g": 24,
    "fat_g": 10,
    "servings": 12,
    "ready_in_minutes": 30,
    "image_url": "https://images.unsplash.com/photo-1606313564200-e75d5e30476c?w=800",
    "source_url": "https://www.google.com/search?q=Cukormentes%20brownie%20recept",
    "ingredients": "kakaópor, banán, tojás, dió",
    "instructions": "Banánt összetörjük, kakaóval keverjük, sütjük"
  },
  {
    "name": "Gyümölcs spíz",
    "category": "snack",
    "calories": 120,
    "protein_g": 2,
    "carbs_g": 28,
    "fat_g": 1,
    "servings": 4,
    "ready_in_minutes": 10,
    "image_url": "https://images.unsplash.com/photo-1619566636858-adf3ef46400b?w=800",
    "source_url": "https://www.google.com/search?q=Gy%C3%BCm%C3%B6lcs%20sp%C3%ADz%20recept",
    "ingredients": "ananász, eper, szőlő, nyárs",
    "instructions": "Gyümölcsöket nyársra húzzuk"
  },
  {
    "name": "Zöldséges hummus",
    "category": "snack",
    "calories": 180,
    "protein_g": 8,
    "carbs_g": 22,
    "fat_g": 8,
    "servings": 4,
    "ready_in_minutes": 10,
    "image_url": "https://images.unsplash.com/photo-1546069901-ba9599a7e63c?w=800",
    "source_url": "https://www.google.com/search?q=Z%C3%B6lds%C3%A9ges%20hummus%20recept",
    "ingredients": "csicseriborsó, tahini, fokhagyma, zöldségek",
    "instructions": "Csicseriborsót pürésítünk, zöldségekkel tálaljuk"
  }
]